{
  "model_name": "partnership_detection_ml",
  "metrics": {
    "mse": 0.07633136690812105,
    "mae": 0.22329674570713703,
    "training_samples": 19,
    "input_features": 106,
    "output_dimensions": 8
  },
  "is_trained": true,
  "saved_at": "2026-04-13T07:48:12.689494"
}